id,country1,amt1,country2,amt2,country3,amt3,country4,amt4,country5,amt5,eusplit
C0,AM,22.60607971,GE,59.86332053,DE,0.68182048,BE,65.98277619,UK,15.87784516,0.558708964
C1,AM,13.8627724,GE,24.9156005,DE,18.54216666,BE,47.42077173,UK,67.75001771,0.669299237
C1_C1,AM,98.3418245,GE,64.64426676,DE,4.292876038,BE,13.62876726,UK,49.07972324,0.43164062
C1_C1_C1,AM,18.57689603,GE,52.39281266,DE,58.91174256,BE,81.31785782,UK,63.37488239,0.34597012
C1_C1_C1_C1,AM,32.06781098,GE,83.54690996,DE,6.108423339,BE,85.53995212,UK,93.13037339,0.572986034
C1_C1_C1_C2,AM,76.85462058,GE,74.32773431,DE,58.72849979,BE,2.303347085,UK,63.62085714,0.188734387
C1_C1_C2,AM,44.11338141,GE,95.67321812,DE,22.40955977,BE,33.75271349,UK,3.715308992,0.209653895
C1_C1_C2_C1,AM,83.31906228,GE,28.34047353,DE,99.09814181,BE,96.45294807,UK,16.87839228,0.709157583
C1_C1_C2_C2,AM,48.86093095,GE,80.70315804,DE,0.619616211,BE,85.77484204,UK,65.97546037,0.691532998
C1_C1_C2_C3,AM,99.80489811,GE,16.90311315,DE,31.3614819,BE,57.30181501,UK,53.54961028,0.879480805
C1_C1_C3,AM,34.28457543,GE,53.9546685,DE,31.32843461,BE,42.59567205,UK,84.18544914,0.43327943
C1_C1_C3_C1,AM,58.91330663,GE,23.75991969,DE,99.19950588,BE,6.128282731,UK,91.47395265,0.892784932
C1_C1_C3_C2,AM,58.89498694,GE,34.69158852,DE,77.81483246,BE,13.4328428,UK,64.78034785,0.94101777
C1_C1_C3_C3,AM,54.27588137,GE,75.94346641,DE,14.51550119,BE,30.01930144,UK,99.1922315,0.043040872
C1_C1_C4,AM,70.7789744,GE,69.88697317,DE,80.07433351,BE,89.46282371,UK,79.60100187,0.091350152
C1_C1_C4_C1,AM,60.28488625,GE,89.09285129,DE,65.41659084,BE,2.053192001,UK,3.838275068,0.5268577
C1_C1_C4_C2,AM,59.67844965,GE,73.24691584,DE,70.31170329,BE,67.61550703,UK,30.85185045,0.523714069
C1_C1_C5,AM,49.24746501,GE,92.07047401,DE,32.19830877,BE,23.10924163,UK,29.7516811,0.427525756
C1_C1_C5_C1,AM,91.55744052,GE,85.99040939,DE,52.84967624,BE,89.07297755,UK,18.71025811,0.070814262
C1_C1_C5_C1_C1,AM,86.04285256,GE,48.77045934,DE,87.78494845,BE,67.75977109,UK,0.264103501,0.470615552
C1_C1_C5_C1_C2,AM,56.33499914,GE,11.7165745,DE,76.31869446,BE,94.91845573,UK,50.59385734,0.336572096
C1_C1_C5_C1_C3,AM,19.48540916,GE,29.60925938,DE,25.91627407,BE,0.385622299,UK,65.33935636,0.196301598
C1_C1_C5_C1_C4,AM,27.93322462,GE,47.27236077,DE,94.08201622,BE,68.09229797,UK,16.4574376,0.112704601
C1_C1_C5_C2,AM,39.3768875,GE,81.0850417,DE,99.50286588,BE,40.2064945,UK,48.38412408,0.457683329
C1_C1_C5_C2_C1,AM,88.33327598,GE,12.09909214,DE,74.42381534,BE,84.85906768,UK,46.86937031,0.869085541
C1_C1_C5_C2_C2,AM,53.49022228,GE,87.24861648,DE,80.48759038,BE,23.5952372,UK,48.36251561,0.199668288
C1_C1_C5_C2_C3,AM,55.81606993,GE,19.41596366,DE,16.40438128,BE,67.69590407,UK,43.32430552,0.274219232
C1_C1_C5_C2_C4,AM,72.83948982,GE,69.23140073,DE,78.86246803,BE,15.11429902,UK,46.39115818,0.285213447
C1_C1_C5_C2_C5,AM,14.30419076,GE,29.42183455,DE,6.391283993,BE,35.78127551,UK,10.747515,0.363826268
C1_C1_C5_C2_C6,AM,76.83718381,GE,37.30934416,DE,77.09753639,BE,24.56042781,UK,83.97395031,0.153862452
C1_C1_C5_C2_C7,AM,17.65032644,GE,84.20844754,DE,83.54640463,BE,81.71078628,UK,81.31050064,0.327127267
C1_C1_C5_C2_C8,AM,91.60615253,GE,37.12122381,DE,27.58763332,BE,77.43565358,UK,24.69221116,0.598491148
C1_C1_C5_C2_C9,AM,20.46416061,GE,3.884887239,DE,95.17577313,BE,29.16623184,UK,44.83251955,0.673661298
C1_C1_C5_C2_C10,AM,29.32268802,GE,81.63841446,DE,84.98729556,BE,3.357634675,UK,98.14331237,0.477013636
C1_C1_C6,AM,66.68748917,GE,37.42291844,DE,63.49078678,BE,25.49641948,UK,74.26199863,0.060221724
C1_C1_C6_C1,AM,20.70223156,GE,67.64919865,DE,35.52434651,BE,44.1417573,UK,45.35965802,0.746317628
C1_C1_C6_C2,AM,87.619255,GE,96.24662909,DE,6.089859367,BE,92.21042791,UK,36.5915886,0.085185621
C1_C1_C6_C3,AM,46.28468477,GE,50.13505674,DE,38.43876483,BE,21.74168149,UK,23.43779331,0.509783574
C1_C1_C6_C4,AM,10.98366343,GE,95.67450792,DE,43.10938934,BE,22.49830848,UK,23.4128188,0.364468568
C1_C1_C7,AM,37.39084668,GE,52.36841996,DE,60.40075208,BE,77.40309711,UK,80.55128029,0.083103239
C1_C1_C7_C1,AM,47.81641528,GE,68.49209166,DE,99.79097603,BE,78.44241095,UK,85.80449697,0.431213781
C1_C1_C7_C2,AM,96.46029486,GE,37.57752986,DE,47.28380714,BE,61.11012508,UK,54.6843587,0.321667816
C1_C1_C7_C3,AM,19.4677399,GE,46.14459616,DE,22.88118865,BE,14.87189342,UK,89.34471199,0.78210758
C1_C1_C7_C4,AM,24.06555324,GE,51.95194534,DE,76.93833499,BE,83.81815235,UK,18.23544744,0.215100602
C1_C1_C8,AM,31.83414646,GE,53.43942255,DE,29.33079266,BE,84.7091743,UK,98.0240038,0.061283492
C1_C1_C8_C1,AM,57.92968237,GE,22.2250958,DE,9.76082929,BE,61.16943939,UK,69.49521057,0.348753393
C1_C1_C8_C2,AM,54.35008883,GE,25.01092591,DE,53.37790798,BE,18.11721199,UK,51.47164981,0.529783549
C1_C1_C9,AM,94.15172984,GE,63.39856914,DE,40.79313132,BE,83.15830626,UK,30.44328039,0.423783021
C1_C1_C9_C1,AM,32.56301772,GE,77.90315773,DE,83.75774742,BE,67.20597404,UK,70.36464994,0.862751485
C1_C1_C9_C2,AM,0.864622436,GE,5.907025936,DE,97.58276487,BE,78.41848607,UK,32.89108567,0.26808644
C1_C1_C9_C3,AM,42.5580279,GE,40.51279507,DE,49.43246899,BE,91.19669973,UK,40.39883283,0.281221424
C1_C1_C9_C4,AM,19.84148932,GE,37.4044398,DE,95.72080644,BE,86.64360537,UK,80.71952002,0.240584563
C1_C2,AM,64.57448404,GE,79.18910254,DE,79.09172121,BE,8.465644232,UK,25.85601686,0.405902358
C1_C2_C1,AM,43.2973689,GE,95.88066384,DE,57.70147788,BE,72.13749882,UK,41.51028384,0.466175744
C1_C2_C1_C1,AM,21.07162236,GE,66.92955817,DE,15.25042655,BE,17.33012787,UK,57.31520672,0.554052691
C1_C2_C1_C2,AM,24.21709293,GE,60.40514044,DE,21.38100501,BE,36.35331789,UK,20.69106926,0.535370511
C1_C2_C1_C3,AM,87.70492242,GE,98.57940595,DE,75.15770493,BE,92.91534346,UK,28.25081047,0.366143328
C1_C2_C1_C4,AM,44.34013323,GE,35.38824447,DE,43.18942145,BE,9.130858511,UK,29.09682303,0.776802696
C1_C2_C1_C5,AM,10.40073624,GE,3.078248402,DE,60.87115386,BE,41.99580408,UK,56.58035527,0.153854841
C1_C2_C1_C6,AM,65.37270173,GE,76.06367175,DE,82.71642022,BE,27.76654806,UK,96.29345774,0.370883231
C1_C2_C2,AM,76.70403696,GE,76.1918829,DE,33.44259611,BE,53.57587229,UK,64.10360046,0.608905908
C1_C2_C2_C1,AM,0.929645075,GE,46.43869583,DE,88.77585483,BE,76.8975713,UK,14.16667812,0.236404166
C1_C2_C2_C2,AM,69.16383852,GE,34.68111967,DE,16.4243814,BE,0.867031121,UK,81.92127543,0.772441384
C2,AM,51.93037738,GE,99.93894425,DE,42.03788524,BE,23.7800166,UK,31.16720646,0.204429087
C2_C1,AM,9.972989637,GE,51.55911308,DE,1.116932349,BE,76.08198695,UK,58.01416788,0.336204952
C2_C1_C1,AM,99.39792234,GE,49.15617532,DE,39.2536051,BE,28.82348642,UK,64.33906169,0.292315358
C2_C1_C1_C1,AM,29.63972581,GE,47.17330185,DE,0.273326676,BE,16.91957264,UK,25.53484609,0.32034042
C2_C1_C1_C2,AM,97.86537056,GE,37.33410442,DE,3.972429748,BE,0.242612266,UK,83.65622562,0.320267179
C2_C1_C1_C3,AM,83.19591694,GE,56.77830644,DE,70.1952546,BE,89.16968089,UK,33.43227246,0.066098773
C2_C1_C1_C4,AM,8.257026749,GE,61.45747658,DE,95.49431948,BE,68.68300327,UK,83.49224092,0.566383405
C2_C1_C1_C5,AM,63.27711783,GE,33.03417338,DE,55.43891015,BE,48.48860102,UK,75.31643536,0.079768656
C2_C1_C1_C6,AM,69.32488339,GE,80.66128327,DE,68.52314836,BE,74.95719514,UK,48.11967312,0.730757423
C2_C1_C2,AM,21.83079034,GE,58.47424078,DE,0.668199552,BE,2.31554977,UK,66.2686263,0.453440003
C2_C1_C2_C1,AM,4.136021243,GE,4.022202391,DE,3.717868222,BE,28.41383509,UK,94.61121502,0.56798994
C2_C1_C2_C2,AM,97.56031976,GE,18.74101525,DE,86.60489367,BE,38.4776557,UK,39.30541977,0.575333535
C2_C1_C3,AM,87.61655262,GE,84.66773093,DE,69.86912934,BE,90.11380181,UK,6.248946798,0.296868101
C2_C1_C3_C1,AM,49.62759302,GE,63.82030145,DE,51.66026196,BE,70.81107032,UK,40.57327189,0.363616065
C2_C1_C3_C2,AM,85.69200824,GE,82.80238674,DE,25.18687642,BE,79.40729578,UK,73.70856657,0.179668182
C2_C1_C3_C3,AM,9.788834913,GE,56.17660907,DE,11.79972021,BE,42.02643436,UK,19.98579223,0.097579212
C2_C1_C3_C4,AM,95.24412004,GE,2.99608087,DE,21.87496775,BE,74.00883847,UK,61.76594402,0.895617372
C2_C1_C3_C5,AM,55.12513033,GE,89.85847165,DE,22.06035229,BE,84.51463438,UK,56.22489141,0.378997208
C2_C1_C3_C6,AM,67.42182221,GE,62.76779469,DE,47.3236179,BE,17.39699886,UK,5.185385286,0.067570001
C2_C1_C3_C7,AM,51.15974623,GE,69.74093958,DE,49.01532595,BE,52.84494699,UK,65.93936051,0.130823024
C2_C1_C3_C8,AM,71.34514227,GE,88.69062991,DE,2.154068925,BE,19.71414376,UK,23.80092724,0.397226938
C2_C1_C3_C9,AM,14.02749896,GE,78.97149597,DE,88.54379266,BE,51.16893667,UK,58.24094432,0.99837292
C2_C1_C4,AM,99.66539342,GE,2.343832088,DE,32.03125769,BE,43.80580069,UK,16.94766852,0.595944016
C2_C1_C4_C1,AM,22.42718844,GE,47.74514268,DE,43.61337602,BE,60.22098651,UK,55.27407186,0.550204127
C2_C1_C4_C2,AM,3.527602459,GE,32.41950146,DE,65.88674957,BE,90.81939,UK,51.53223412,0.503647394
C2_C1_C4_C3,AM,61.83394055,GE,87.44860372,DE,90.59429626,BE,24.23468878,UK,13.89441009,0.993838608
C2_C1_C4_C4,AM,59.23866434,GE,25.44344235,DE,44.51417167,BE,84.58975457,UK,23.67229261,0.815254554
C2_C1_C4_C5,AM,34.12887877,GE,62.26432247,DE,17.74089172,BE,51.06457996,UK,31.29896401,0.748126275
C2_C1_C4_C6,AM,65.73992948,GE,19.25380611,DE,63.72252876,BE,10.33542424,UK,69.12065767,0.36124756
C2_C1_C5,AM,49.73099029,GE,32.68399299,DE,6.331876361,BE,81.43467748,UK,64.96778916,0.722751243
C2_C1_C5_C1,AM,13.02016104,GE,53.79189381,DE,8.585564029,BE,13.75604407,UK,62.95946928,0.943452238
C2_C1_C5_C1_C1,AM,70.27939983,GE,22.4135039,DE,14.87589368,BE,37.88586894,UK,8.787141195,0.664053968
C2_C1_C5_C1_C2,AM,69.35234481,GE,57.94990466,DE,58.63303796,BE,4.446449603,UK,63.61375154,0.305722624
C2_C1_C5_C1_C3,AM,21.84637073,GE,65.836249,DE,91.03712393,BE,18.9797072,UK,16.0213294,0.605413132
C2_C1_C5_C2,AM,28.78472713,GE,46.4685798,DE,67.45185089,BE,64.70414168,UK,86.11437292,0.256919109
C2_C1_C5_C2_C1,AM,58.51097399,GE,38.61705851,DE,10.45100205,BE,81.16111532,UK,44.84430323,0.04710083
C2_C1_C5_C2_C2,AM,20.5638153,GE,25.26884382,DE,81.1872332,BE,14.79870499,UK,6.987114077,0.637035748
C2_C1_C5_C2_C3,AM,53.15076686,GE,18.32227148,DE,57.88646276,BE,79.0783328,UK,12.22767982,0.679770296
C2_C1_C5_C3,AM,81.58336503,GE,71.88965996,DE,2.52681614,BE,98.71103605,UK,83.92213023,0.960416266
C2_C1_C5_C3_C1,AM,76.35823094,GE,64.41622894,DE,50.38017414,BE,45.31087957,UK,16.20359787,0.239433558
C2_C1_C5_C3_C2,AM,79.37447213,GE,56.97935647,DE,60.8551651,BE,21.7221878,UK,63.94887256,0.385477382
C2_C1_C5_C3_C3,AM,40.37195545,GE,85.9930912,DE,10.66843715,BE,61.62807492,UK,20.74396606,0.130925692
C2_C1_C5_C3_C4,AM,42.43795836,GE,90.3675177,DE,3.23907178,BE,59.67186933,UK,95.22544564,0.929676452
C2_C1_C5_C3_C5,AM,8.326383859,GE,76.35019155,DE,80.8820266,BE,92.57922665,UK,14.59060528,0.049346638
C2_C1_C5_C4,AM,15.14305001,GE,81.44547891,DE,74.99892498,BE,12.32521356,UK,95.55297871,0.435913312
C2_C1_C5_C4_C1,AM,28.45095846,GE,7.020807138,DE,40.77577721,BE,78.11305627,UK,14.40349233,0.301842211
C2_C1_C5_C4_C2,AM,18.97763004,GE,58.34179683,DE,62.87935827,BE,18.72873607,UK,77.01590469,0.353929842
C2_C1_C5_C4_C3,AM,85.38546509,GE,92.76101928,DE,54.49632225,BE,64.93899916,UK,87.39096902,0.84367246
C2_C1_C5_C4_C4,AM,68.96689883,GE,25.4983552,DE,11.44643746,BE,41.75878231,UK,70.31236435,0.628492238
C2_C1_C5_C4_C5,AM,14.04183591,GE,61.1586163,DE,10.17027289,BE,58.61620069,UK,36.03673231,0.790935883
C2_C1_C5_C4_C6,AM,37.0691786,GE,32.81426207,DE,32.00820005,BE,25.50541948,UK,48.86887974,0.067137585
C2_C1_C5_C4_C7,AM,60.59510043,GE,44.07302161,DE,32.72403891,BE,90.24902993,UK,78.73691159,0.981738067
C2_C1_C5_C4_C8,AM,98.70010616,GE,70.31068249,DE,56.17883411,BE,90.94033715,UK,73.80983075,0.455671464
C2_C1_C5_C4_C9,AM,62.55704509,GE,49.71756788,DE,32.96980051,BE,42.35878659,UK,32.37677982,0.085445683
C2_C1_C5_C4_C10,AM,19.35979882,GE,47.93163996,DE,3.065636001,BE,64.13355976,UK,76.2649287,0.17805555
C2_C1_C5_C4_C11,AM,74.02016125,GE,97.28580841,DE,46.58354324,BE,3.85694109,UK,40.69453524,0.188369728
C2_C1_C5_C5,AM,25.97261287,GE,13.08575967,DE,91.76823283,BE,77.42852197,UK,87.73323737,0.005893209
C2_C1_C5_C5_C1,AM,66.38567852,GE,73.9578594,DE,72.45598898,BE,82.38443113,UK,89.27687068,0.301733886
C2_C1_C5_C5_C2,AM,9.013488466,GE,52.2709433,DE,78.7520476,BE,22.72632175,UK,57.26572216,0.870748911
C2_C1_C5_C5_C3,AM,47.56597781,GE,59.72623288,DE,73.3206964,BE,13.27725686,UK,85.4875624,0.74475018
C2_C1_C5_C5_C4,AM,9.062985112,GE,68.44512254,DE,82.73958916,BE,83.12355889,UK,35.69960118,0.394989032
C2_C1_C5_C5_C5,AM,45.08184748,GE,35.82536138,DE,89.34314455,BE,39.96770133,UK,55.80925078,0.364138324
C2_C1_C5_C5_C6,AM,44.53012465,GE,2.061011733,DE,22.06325205,BE,64.69518746,UK,57.27161445,0.413298364
C2_C1_C5_C5_C7,AM,30.54162491,GE,80.76908805,DE,68.58679614,BE,94.28364166,UK,97.62176265,0.868171108
C2_C1_C5_C5_C8,AM,67.93963682,GE,84.8089819,DE,57.42684281,BE,57.45427999,UK,62.83713696,0.282588993
C2_C1_C5_C5_C9,AM,82.54132583,GE,54.0139367,DE,1.710959415,BE,3.865298759,UK,50.60151804,0.093478534
C2_C1_C5_C5_C10,AM,57.91162443,GE,64.00788206,DE,69.78304432,BE,30.79893614,UK,30.91660783,0.99091053
C2_C1_C5_C5_C11,AM,88.78104942,GE,86.2531272,DE,13.23691722,BE,46.38614644,UK,50.5668978,0.565344248
C2_C2,AM,84.15604695,GE,11.51394787,DE,84.23085514,BE,53.68854476,UK,75.36795359,0.996944897
C2_C2_C1,AM,76.78437681,GE,80.22253584,DE,85.64380066,BE,98.87274684,UK,12.1188416,0.691715494
C2_C2_C1_C1,AM,29.10428821,GE,31.03366618,DE,66.21640944,BE,79.60448252,UK,79.86010093,0.551209594
C2_C2_C1_C2,AM,14.31002,GE,16.77114267,DE,51.47108247,BE,99.02679744,UK,31.00987514,0.204366611
C2_C2_C1_C3,AM,19.43032792,GE,27.59380921,DE,10.33493232,BE,93.08646617,UK,36.5807996,0.754752083
C2_C2_C2,AM,7.253790209,GE,8.02635888,DE,56.85023445,BE,43.29424401,UK,72.07398255,0.978433126
C2_C2_C2_C1,AM,43.22527407,GE,82.72100327,DE,26.4236991,BE,30.18370459,UK,53.70808856,0.667281783
C2_C2_C2_C2,AM,40.71884877,GE,70.66911298,DE,12.63838867,BE,64.73916039,UK,62.12238651,0.259861771
C2_C2_C3,AM,83.07758073,GE,27.70360399,DE,71.63111336,BE,5.386540738,UK,8.460013791,0.161161275
C2_C2_C3_C1,AM,5.791250447,GE,71.6784657,DE,85.77241068,BE,2.529440151,UK,79.61976629,0.682336023
C2_C2_C3_C2,AM,11.95914535,GE,6.681409068,DE,46.21464492,BE,14.04473717,UK,53.15985098,0.245385981
C2_C2_C3_C3,AM,1.940242404,GE,92.80924313,DE,83.94612428,BE,94.76242995,UK,18.27040971,0.955649676
C3,AM,37.84382118,GE,29.77452545,DE,79.13242905,BE,74.88816697,UK,40.48675895,0.967333648
C3_C1,AM,9.996742298,GE,52.12519783,DE,90.31240848,BE,36.91123118,UK,22.07111182,0.911348781
C3_C1_C1,AM,76.96115745,GE,4.04442297,DE,57.79527911,BE,30.6364765,UK,79.96920478,0.729693654
C3_C1_C1_C1,AM,44.96076398,GE,70.04617927,DE,24.71822485,BE,51.79548509,UK,46.97035393,0.490676306
C3_C1_C2,AM,44.13532109,GE,48.6479669,DE,92.81793286,BE,79.34488853,UK,27.49891783,0.817082544
C3_C1_C2_C1,AM,35.43676223,GE,49.63857703,DE,31.63012032,BE,46.7843789,UK,95.78952719,0.6511667
C3_C1_C2_C2,AM,83.68573822,GE,96.81709476,DE,72.7017929,BE,75.73964984,UK,61.40487962,0.531635969
C3_C1_C2_C3,AM,15.3961738,GE,0.027985211,DE,90.36377663,BE,33.1241377,UK,25.52409605,0.51177835
C3_C1_C2_C4,AM,60.72948399,GE,69.39631699,DE,30.96029396,BE,24.08182021,UK,50.02370407,0.726768926
C3_C1_C2_C5,AM,42.21159634,GE,88.34819725,DE,28.82474952,BE,72.14002502,UK,61.78476976,0.331330437
C3_C2,AM,68.75672618,GE,57.01754148,DE,90.59356722,BE,12.95387366,UK,26.06880284,0.074462227
C3_C2_C1,AM,91.8492835,GE,98.59774156,DE,62.24256373,BE,86.72577505,UK,44.66192024,0.954438481
C3_C2_C1_C1,AM,28.28532289,GE,93.18002452,DE,92.68810047,BE,43.14628599,UK,9.70862229,0.685994488
C3_C2_C1_C2,AM,40.12096165,GE,72.82748248,DE,17.17978222,BE,41.74776714,UK,61.39677819,0.391539294
C3_C2_C1_C3,AM,54.2097204,GE,53.71421337,DE,26.4723768,BE,4.427694934,UK,49.21540764,0.396110565
C3_C2_C1_C4,AM,68.20623209,GE,5.572946998,DE,15.97109596,BE,37.88003819,UK,69.6769008,0.693594133
C3_C2_C1_C5,AM,7.067410573,GE,62.87516593,DE,48.44735246,BE,60.67445791,UK,10.80984459,0.522061672
C3_C2_C2,AM,83.93637368,GE,1.446502476,DE,57.61416218,BE,57.63712689,UK,47.63662408,0.283559727
C3_C2_C2_C1,AM,50.9902835,GE,83.21831626,DE,32.27353832,BE,77.95516651,UK,82.05641641,0.755011761
C3_C2_C2_C2,AM,84.14263701,GE,92.36198522,DE,18.09583392,BE,91.63324522,UK,34.99203381,0.879026088
C3_C2_C2_C3,AM,54.9959468,GE,33.95867092,DE,1.293455799,BE,39.22213166,UK,64.67434576,0.076952255
C3_C2_C3,AM,31.59446904,GE,69.32336704,DE,40.84387543,BE,5.531446663,UK,58.83524683,0.106998904
C3_C2_C3_C1,AM,45.72217541,GE,45.15238141,DE,52.01250645,BE,82.22794411,UK,81.06068579,0.110958549
C4,AM,39.90519648,GE,10.3090324,DE,45.36936592,BE,50.53954346,UK,14.49086657,0.346332059
C4_C1,AM,27.77436466,GE,75.61721655,DE,25.85677677,BE,44.25695919,UK,65.78755635,0.848473457
C4_C1_C1,AM,89.82991299,GE,42.47784453,DE,92.17411947,BE,21.49251806,UK,17.83257692,0.19913311
C4_C1_C1_C1,AM,11.60109571,GE,18.5929258,DE,53.92073873,BE,3.827682312,UK,18.34706415,0.036230094
C4_C1_C1_C1_C1,AM,4.430665621,GE,10.33367742,DE,49.98703044,BE,69.26034018,UK,46.38992934,0.221982056
C4_C1_C1_C1_C2,AM,89.15291953,GE,37.59189481,DE,69.96981621,BE,99.0351018,UK,67.58010305,0.002183593
C4_C1_C1_C1_C3,AM,7.51503931,GE,69.58470675,DE,96.93945369,BE,31.20718908,UK,80.91821346,0.473709159
C4_C1_C1_C2,AM,21.63535447,GE,33.61122126,DE,32.5169975,BE,33.22961451,UK,58.70648377,0.996312291
C4_C1_C1_C2_C1,AM,76.0484853,GE,82.46057334,DE,96.41635775,BE,35.9764789,UK,5.308749482,0.442627619
C4_C1_C1_C2_C2,AM,42.50992555,GE,86.42122085,DE,70.1602947,BE,71.91695058,UK,16.61275336,0.076110788
C4_C1_C1_C2_C3,AM,90.15708515,GE,54.3039108,DE,12.3100471,BE,96.59447552,UK,65.24309554,0.539843594
C4_C1_C1_C2_C4,AM,21.6735633,GE,10.48962871,DE,17.11205946,BE,1.117311529,UK,33.62645319,0.051552928
C4_C1_C1_C2_C5,AM,27.2534808,GE,67.11979706,DE,91.25069316,BE,26.0894574,UK,78.4890454,0.301786186
C4_C1_C1_C2_C6,AM,70.53325909,GE,6.484078535,DE,11.2450464,BE,89.15650171,UK,39.05487282,0.902927841
C4_C1_C1_C2_C7,AM,60.45862475,GE,23.58355655,DE,11.92691517,BE,51.2039041,UK,61.58402987,0.854815429
C4_C1_C1_C3,AM,39.97065431,GE,9.24443504,DE,37.12329674,BE,76.91157821,UK,16.63600459,0.251251349
C4_C1_C1_C3_C1,AM,14.57353674,GE,46.19949391,DE,92.25978592,BE,16.12099871,UK,36.88950297,0.276842068
C4_C1_C1_C3_C2,AM,58.69220401,GE,93.31661682,DE,64.37594955,BE,84.48286719,UK,18.29369321,0.31131993
C4_C1_C1_C4,AM,13.5795784,GE,43.66243087,DE,80.31786174,BE,92.86771352,UK,0.313669069,0.155574266
C4_C1_C1_C4_C1,AM,82.19048687,GE,55.86864798,DE,4.763156542,BE,94.40090241,UK,40.03458243,0.832726925
C4_C1_C1_C4_C2,AM,43.74231188,GE,49.43493898,DE,11.02206892,BE,59.11420901,UK,77.75031131,0.369683426
C4_C1_C1_C4_C3,AM,65.21367739,GE,74.72783839,DE,46.71603948,BE,45.88282526,UK,80.27779901,0.229012452
C4_C1_C1_C4_C4,AM,2.711581816,GE,48.71227594,DE,98.16319059,BE,62.71060116,UK,47.29311862,0.320412576
C4_C1_C1_C4_C5,AM,32.89556189,GE,21.83358331,DE,65.65441992,BE,26.94869783,UK,94.17422219,0.269083262
C4_C1_C1_C5,AM,87.39670463,GE,66.83861229,DE,39.75164763,BE,4.277532464,UK,89.94759783,0.781133552
C4_C1_C1_C5_C1,AM,32.11018953,GE,72.57557498,DE,94.47311496,BE,72.82297937,UK,70.43306487,0.01482993
C4_C1_C1_C5_C2,AM,49.09875412,GE,36.89936755,DE,88.87777313,BE,68.16771776,UK,52.31318088,0.001024842
C4_C1_C1_C6,AM,41.34217745,GE,38.86980218,DE,20.77794726,BE,38.28084657,UK,76.64905058,0.977190954
C4_C1_C1_C6_C1,AM,49.19692685,GE,67.90341787,DE,53.5867347,BE,33.56089631,UK,35.37153726,0.078371284
C4_C1_C1_C6_C1_C1,AM,51.90005769,GE,82.95746639,DE,84.63835001,BE,4.385498348,UK,20.81958951,0.63326442
C4_C1_C1_C6_C1_C2,AM,90.51392502,GE,57.1937423,DE,1.417360124,BE,93.51629653,UK,79.36237224,0.345504761
C4_C1_C1_C6_C2,AM,86.18607578,GE,64.1592173,DE,4.955154861,BE,83.59629313,UK,40.28079874,0.485599969
C4_C1_C1_C6_C2_C1,AM,16.31852237,GE,38.44883801,DE,53.80805669,BE,86.77747076,UK,54.62650349,0.728777282
C4_C1_C1_C7,AM,24.41141904,GE,18.37182962,DE,34.09701964,BE,27.81382123,UK,73.26237737,0.865520625
C4_C1_C1_C7_C1,AM,41.67554587,GE,62.23984704,DE,37.06124066,BE,43.24703314,UK,21.93285448,0.202554679
C4_C1_C1_C7_C1_C1,AM,21.19567507,GE,75.99661762,DE,15.64107664,BE,30.87496459,UK,98.04819966,0.75391961
C4_C1_C1_C7_C2,AM,96.20145367,GE,23.15009487,DE,56.71854972,BE,79.32675528,UK,48.78109421,0.114334496
C4_C1_C1_C7_C2_C1,AM,31.02173232,GE,31.89775133,DE,25.96787099,BE,33.36431225,UK,44.06622871,0.376510072
C4_C1_C1_C7_C2_C2,AM,23.60441113,GE,9.840012501,DE,48.97793736,BE,14.85237018,UK,64.72508583,0.804934481
C4_C1_C1_C7_C2_C3,AM,39.23908353,GE,84.02584428,DE,72.89427844,BE,37.30621692,UK,78.51689244,0.241225637
C4_C1_C1_C7_C2_C4,AM,55.14992312,GE,37.81324601,DE,96.25986784,BE,16.39309923,UK,31.02623822,0.953823473
C4_C1_C1_C7_C2_C5,AM,1.384686241,GE,36.59883129,DE,67.16556229,BE,98.17892327,UK,3.11437578,0.361000444
C4_C1_C1_C7_C2_C6,AM,4.016101442,GE,51.48937696,DE,76.27511672,BE,81.99940042,UK,73.98675525,0.183733491
C4_C1_C1_C7_C2_C7,AM,88.76319381,GE,82.84297083,DE,92.43966073,BE,66.14536874,UK,16.72541884,0.877426035
C4_C1_C1_C7_C2_C8,AM,4.318991425,GE,86.98506357,DE,65.68004293,BE,17.21780674,UK,61.84272881,0.473003003
C4_C1_C1_C7_C2_C9,AM,77.79997105,GE,10.75305023,DE,84.91982131,BE,10.82240792,UK,96.35511161,0.507858398
C4_C1_C1_C7_C2_C10,AM,71.21757783,GE,3.126634465,DE,97.66199405,BE,52.60799344,UK,30.9805598,0.53832528
C4_C1_C1_C7_C2_C11,AM,52.62063955,GE,69.36082321,DE,45.83585237,BE,84.32080375,UK,49.17019793,0.076935616
C4_C1_C2,AM,77.33566337,GE,37.53751166,DE,88.6364772,BE,1.43871663,UK,48.68881918,0.998237574
C4_C1_C2_C1,AM,57.97661935,GE,74.47851247,DE,66.29859261,BE,31.28978876,UK,36.66241188,0.034083897
C4_C1_C2_C1_C1,AM,86.63840297,GE,28.04090149,DE,59.54217228,BE,6.052099852,UK,4.234397539,0.285311225
C4_C1_C2_C2,AM,77.30625595,GE,95.62553735,DE,81.88193535,BE,22.67764343,UK,64.6687914,0.392084156
C4_C1_C2_C2_C1,AM,43.71593627,GE,43.87276996,DE,53.46493766,BE,95.02675943,UK,12.98254042,0.446570078
C4_C1_C2_C2_C2,AM,35.29864216,GE,51.91016702,DE,3.276409545,BE,30.57582639,UK,8.837428619,0.857982214
C4_C1_C2_C3,AM,80.089711,GE,4.160150905,DE,23.55696568,BE,51.74954286,UK,87.98899704,0.377336514
C4_C1_C2_C3_C1,AM,42.08421236,GE,44.68306001,DE,19.91555623,BE,68.17082402,UK,68.13390474,0.628074168
C4_C1_C2_C3_C2,AM,53.79565407,GE,99.66340216,DE,50.40458561,BE,28.47551692,UK,43.73450866,0.000211779
C4_C1_C2_C4,AM,17.94516489,GE,23.51547619,DE,98.52018489,BE,37.41442059,UK,32.9730105,0.031190981
C4_C1_C2_C4_C1,AM,19.84118401,GE,83.49608231,DE,79.88357515,BE,3.694398694,UK,64.30200948,0.152073706
C4_C1_C2_C4_C2,AM,38.07015044,GE,32.54846656,DE,54.2729046,BE,95.258018,UK,86.72538741,0.585272461
C4_C1_C2_C5,AM,22.69482119,GE,24.00033782,DE,76.03461831,BE,8.564478649,UK,92.36027167,0.897505793
C4_C1_C2_C5_C1,AM,41.07988025,GE,47.34786319,DE,54.92484177,BE,67.40951137,UK,12.06216625,0.930719936
C4_C1_C2_C5_C2,AM,48.95896344,GE,92.97657645,DE,3.05579981,BE,54.77985092,UK,76.99672634,0.568362
C4_C1_C2_C5_C3,AM,71.59182544,GE,69.45885995,DE,57.80474114,BE,93.52169874,UK,42.06046595,0.506113016
C4_C1_C2_C5_C4,AM,20.18927669,GE,83.08745694,DE,28.79771762,BE,52.10793169,UK,51.65804385,0.411884266
C4_C1_C2_C5_C5,AM,64.52939353,GE,11.85538088,DE,28.75725044,BE,71.47764308,UK,44.29589224,0.97443496
C4_C1_C2_C5_C6,AM,36.63391395,GE,51.74145141,DE,53.72560476,BE,17.3095639,UK,1.019585881,0.304879682
C4_C1_C2_C5_C7,AM,21.22547837,GE,34.54850027,DE,23.32749619,BE,2.010614496,UK,80.27849757,0.031232819
C4_C1_C2_C5_C8,AM,89.62661455,GE,52.37898823,DE,5.739032885,BE,17.74652547,UK,61.6610269,0.678614718
C4_C1_C2_C5_C9,AM,57.64959598,GE,24.02840299,DE,67.63346134,BE,70.99367028,UK,34.03026322,0.658626992
C4_C1_C2_C6,AM,76.01322287,GE,47.76768947,DE,51.01805011,BE,98.40651331,UK,48.03988668,0.024662423
C4_C1_C2_C6_C1,AM,42.125646,GE,89.88863672,DE,75.49756722,BE,87.78494578,UK,87.43261097,0.287670222
C4_C1_C2_C6_C1_C1,AM,18.58217112,GE,19.41858883,DE,79.00773983,BE,23.57082786,UK,61.445775,0.142946272
C4_C1_C2_C6_C1_C2,AM,81.95001202,GE,23.70917746,DE,23.11397233,BE,52.02901957,UK,86.49103405,0.079655031
C4_C1_C2_C6_C1_C3,AM,55.78654867,GE,15.60764411,DE,92.03407996,BE,72.34053327,UK,77.86651997,0.212711653
C4_C1_C2_C6_C1_C4,AM,47.72559469,GE,72.90532376,DE,4.373951519,BE,59.22868621,UK,73.71652182,0.663068075
C4_C1_C2_C6_C1_C5,AM,23.76355934,GE,17.60515491,DE,93.41204346,BE,87.32270005,UK,9.126272068,0.766216695
C4_C1_C2_C6_C1_C6,AM,58.41982757,GE,27.36334891,DE,82.65167644,BE,60.59104339,UK,2.54561181,0.592961131
C4_C1_C2_C6_C1_C7,AM,30.4568746,GE,80.45266753,DE,88.38533521,BE,20.39397007,UK,16.15484135,0.404618491
C4_C1_C2_C6_C1_C8,AM,91.42996394,GE,7.536527294,DE,66.27461038,BE,9.622668669,UK,24.14664674,0.456532772
C4_C1_C2_C6_C1_C9,AM,10.98970202,GE,81.45136987,DE,97.18478352,BE,43.5365578,UK,66.35253604,0.55178163
C4_C1_C2_C6_C2,AM,42.78216991,GE,80.45881271,DE,2.755829726,BE,39.72572092,UK,91.21330679,0.340880571
C4_C1_C2_C6_C2_C1,AM,1.215230758,GE,54.285418,DE,75.74652053,BE,76.26323673,UK,28.59588842,0.874438225
C4_C1_C2_C6_C2_C2,AM,83.60434861,GE,66.06800964,DE,43.21595893,BE,26.93120013,UK,23.9460919,0.756245761
C4_C1_C2_C6_C2_C3,AM,52.8401453,GE,50.7172093,DE,73.74368863,BE,44.62467202,UK,39.3188313,0.260643784
C4_C1_C2_C6_C2_C4,AM,0.949510843,GE,78.37375377,DE,30.53277991,BE,36.21861187,UK,44.95185422,0.377002371
C4_C1_C2_C7,AM,46.66492625,GE,23.17079724,DE,27.40115879,BE,22.05562026,UK,68.96292736,0.806803731
C4_C1_C2_C7_C1,AM,37.20189566,GE,32.33749456,DE,94.81453397,BE,13.58072192,UK,1.702729256,0.981857826
C4_C1_C2_C7_C2,AM,69.14580183,GE,1.051468274,DE,37.72642458,BE,3.104225802,UK,62.44523648,0.405022059
C4_C1_C2_C7_C3,AM,58.49536544,GE,98.52455179,DE,9.768938035,BE,15.73452104,UK,66.10548875,0.02589336
C4_C1_C2_C7_C4,AM,86.32818421,GE,22.07406169,DE,55.96340179,BE,42.02187602,UK,69.36735767,0.825724033
C4_C1_C2_C8,AM,42.51503883,GE,14.54341002,DE,93.56747658,BE,2.992088858,UK,48.61536229,0.627911004
C4_C1_C2_C8_C1,AM,60.01437957,GE,39.42380243,DE,17.17782451,BE,65.08018831,UK,74.0121047,0.373974904
C4_C1_C2_C8_C1_C1,AM,92.16356116,GE,9.265863478,DE,87.76374611,BE,43.90600592,UK,87.82253595,0.001629345
C4_C1_C2_C8_C1_C2,AM,78.34742032,GE,27.28307734,DE,33.40552652,BE,2.083931604,UK,96.36292395,0.0326813
C4_C1_C2_C8_C1_C3,AM,28.90866476,GE,80.68294559,DE,54.31970852,BE,65.80507992,UK,15.82329848,0.232572709
C4_C1_C2_C8_C2,AM,84.05589529,GE,54.66210059,DE,47.08405309,BE,58.38364098,UK,91.1077691,0.746398857
C4_C1_C2_C8_C2_C1,AM,51.76694444,GE,35.71216126,DE,35.25940664,BE,59.36395032,UK,68.70385024,0.758401135
C4_C1_C2_C9,AM,57.34402163,GE,39.139545,DE,38.05989337,BE,7.124219223,UK,73.18562261,0.795347596
C4_C1_C2_C9_C1,AM,57.33497253,GE,35.83196367,DE,85.08148116,BE,19.08609,UK,98.818693,0.376645367
C4_C1_C2_C9_C2,AM,37.92860219,GE,18.07181946,DE,75.01011699,BE,22.49937893,UK,3.91660181,0.289593054
C4_C1_C2_C9_C3,AM,91.82924534,GE,58.26914055,DE,83.69124019,BE,68.9858666,UK,22.56326203,0.398821823
C4_C1_C2_C9_C4,AM,5.243064351,GE,0.50619172,DE,36.3690923,BE,18.92115987,UK,28.16826185,0.546112439
C4_C1_C2_C9_C5,AM,98.69046716,GE,2.807036855,DE,23.56626868,BE,99.89067156,UK,9.207005355,0.17081239
C4_C1_C2_C9_C6,AM,4.31048339,GE,52.98363077,DE,56.7532557,BE,91.54901815,UK,5.289945088,0.243434635
C4_C1_C2_C9_C7,AM,35.76821337,GE,47.92166119,DE,59.75261219,BE,85.10759958,UK,70.76763813,0.578749676
C4_C2,AM,89.37214115,GE,39.12869053,DE,92.13447995,BE,97.34360984,UK,12.44015193,0.540915801
C4_C2_C1,AM,80.98585687,GE,0.777516762,DE,24.13265818,BE,53.38519243,UK,10.60835136,0.630833575
C4_C2_C1_C1,AM,13.5783378,GE,2.511763704,DE,46.44769072,BE,63.64692311,UK,93.30963667,0.629481846
C4_C2_C1_C1_C1,AM,64.59602995,GE,46.08788464,DE,27.54323616,BE,68.46723755,UK,27.4818268,0.824046401
C4_C2_C1_C1_C1_C1,AM,96.7038388,GE,14.99581383,DE,98.50131003,BE,10.65280639,UK,45.33612705,0.515067559
C4_C2_C1_C1_C1_C1_C1,AM,93.30239547,GE,98.24849268,DE,83.09801002,BE,29.44473546,UK,21.04123921,0.467355735
C4_C2_C1_C1_C1_C1_C1_C1,AM,42.12201216,GE,33.82949458,DE,53.9717805,BE,71.44272886,UK,55.02740631,0.746825449
C4_C2_C1_C1_C1_C1_C2,AM,40.18410442,GE,52.6378661,DE,10.75996302,BE,23.8002711,UK,32.35919102,0.936228576
C4_C2_C1_C1_C1_C1_C2_C1,AM,44.58153447,GE,17.44336328,DE,53.62883367,BE,65.16026162,UK,63.67792029,0.356470664
C4_C2_C1_C1_C1_C1_C2_C2,AM,26.25352945,GE,37.2561639,DE,58.05660507,BE,80.42625051,UK,13.87494451,0.660762992
C4_C2_C1_C1_C1_C1_C3,AM,49.66084061,GE,74.23409173,DE,34.10583649,BE,96.83803976,UK,98.92502304,0.546822497
C4_C2_C1_C1_C1_C1_C3_C1,AM,23.96342179,GE,39.02999254,DE,73.3777909,BE,29.79224076,UK,70.15891897,0.528946145
C4_C2_C1_C1_C1_C1_C3_C2,AM,89.48794946,GE,86.32618198,DE,81.03802541,BE,19.89397703,UK,81.75455951,0.974736657
C4_C2_C1_C1_C1_C2,AM,11.80596665,GE,4.668912647,DE,40.73409314,BE,16.06068402,UK,1.795968828,0.758385543
C4_C2_C1_C1_C1_C2_C1,AM,84.72231701,GE,8.315233166,DE,88.31703794,BE,10.21489681,UK,22.75516241,0.953883418
C4_C2_C1_C1_C1_C2_C1_C1,AM,69.64470475,GE,77.32538641,DE,3.416067661,BE,54.14949222,UK,25.79254847,0.511945974
C4_C2_C1_C1_C1_C2_C1_C2,AM,54.16877689,GE,18.48223168,DE,56.06781419,BE,12.63635137,UK,1.868466622,0.867441862
C4_C2_C1_C1_C1_C2_C1_C3,AM,91.84093609,GE,42.67603137,DE,67.74248187,BE,8.604037669,UK,38.27884408,0.4855587
C4_C2_C1_C1_C1_C2_C1_C4,AM,44.59671485,GE,38.77020574,DE,87.74744746,BE,95.44296121,UK,0.993007205,0.697246608
C4_C2_C1_C1_C1_C2_C2,AM,95.2624779,GE,47.66640052,DE,34.70919493,BE,80.23146003,UK,23.38501058,0.765222611
C4_C2_C1_C1_C1_C2_C2_C1,AM,21.12932731,GE,66.97642748,DE,29.11286261,BE,50.48145296,UK,60.91480496,0.037568257
C4_C2_C1_C1_C1_C2_C2_C2,AM,80.25152634,GE,60.73452001,DE,62.07245045,BE,74.88576665,UK,47.20858362,0.690796836
C4_C2_C1_C1_C1_C2_C2_C3,AM,96.26422613,GE,65.20786014,DE,35.26890906,BE,71.19652279,UK,29.03621329,0.319431336
C4_C2_C1_C1_C1_C2_C2_C4,AM,28.19474065,GE,87.16741198,DE,22.33652878,BE,57.13247975,UK,93.70930791,0.149914114
C4_C2_C1_C1_C1_C2_C2_C5,AM,7.396313953,GE,29.72592529,DE,21.00225025,BE,84.40556485,UK,75.83764726,0.288783185
C4_C2_C1_C1_C1_C2_C3,AM,34.78783382,GE,33.87214416,DE,35.92940668,BE,77.25622491,UK,21.69487419,0.551415444
C4_C2_C1_C1_C1_C2_C3_C1,AM,88.66066993,GE,44.669085,DE,13.10685219,BE,7.542853151,UK,94.35514483,0.962552558
C4_C2_C1_C1_C1_C2_C3_C2,AM,94.17869941,GE,28.09705473,DE,32.52567698,BE,22.44319471,UK,64.33906317,0.013544228
C4_C2_C1_C1_C1_C2_C3_C3,AM,83.25350854,GE,5.39158852,DE,33.8694837,BE,29.11395998,UK,80.59451812,0.72276954
C4_C2_C1_C1_C1_C2_C3_C4,AM,37.40849403,GE,70.24620583,DE,38.1593388,BE,4.640759241,UK,94.79705547,0.273707685
C4_C2_C1_C1_C1_C2_C4,AM,95.39055074,GE,20.69222419,DE,85.1365003,BE,59.36722017,UK,47.43477038,0.801320121
C4_C2_C1_C1_C1_C2_C4_C1,AM,50.10025886,GE,49.43578555,DE,75.70557234,BE,5.828605133,UK,27.88796071,0.312723552
C4_C2_C1_C1_C1_C2_C4_C2,AM,83.31255678,GE,83.60317958,DE,59.43986067,BE,31.73602066,UK,62.10918042,0.413891107
C4_C2_C1_C1_C1_C2_C4_C3,AM,37.73609081,GE,80.22366417,DE,15.79511105,BE,15.2291705,UK,98.57991735,0.256539844
C4_C2_C1_C1_C1_C3,AM,99.55616795,GE,89.75214284,DE,65.91881536,BE,21.47010181,UK,92.96308476,0.186738289
C4_C2_C1_C1_C1_C3_C1,AM,55.74502586,GE,79.64621461,DE,53.78355121,BE,62.16083148,UK,48.33348896,0.739029154
C4_C2_C1_C1_C1_C3_C1_C1,AM,97.85570445,GE,61.94706437,DE,28.05804084,BE,79.56855757,UK,86.97729315,0.028641697
C4_C2_C1_C1_C1_C3_C1_C2,AM,18.53846365,GE,5.452599602,DE,11.26623868,BE,6.412674787,UK,8.602051731,0.29079233
C4_C2_C1_C1_C1_C3_C1_C3,AM,98.9470158,GE,64.3882519,DE,52.87491728,BE,22.67287786,UK,50.45814127,0.744757342
C4_C2_C1_C1_C1_C3_C2,AM,11.06273208,GE,99.62207639,DE,45.12826098,BE,69.01170912,UK,72.35604506,0.441012618
C4_C2_C1_C1_C1_C3_C2_C1,AM,41.28541785,GE,80.97217951,DE,32.64851451,BE,8.313520955,UK,46.73659058,0.762029912
C4_C2_C1_C1_C1_C3_C2_C2,AM,37.48483132,GE,27.68914517,DE,26.08078999,BE,9.339802817,UK,42.7486649,0.362176264
C4_C2_C1_C1_C1_C3_C2_C3,AM,41.66671935,GE,14.27169696,DE,39.32007062,BE,35.85879382,UK,58.65290654,0.908947877
C4_C2_C1_C1_C1_C3_C2_C4,AM,97.00278482,GE,45.44243928,DE,7.820642902,BE,21.04631089,UK,12.7555887,0.339481047
C4_C2_C1_C1_C1_C3_C3,AM,65.65096393,GE,14.97777064,DE,73.02245959,BE,95.60114277,UK,8.553689445,0.012984804
C4_C2_C1_C1_C1_C3_C3_C1,AM,63.98910505,GE,48.30650099,DE,34.32527645,BE,47.59302409,UK,8.347074678,0.335711108
C4_C2_C1_C1_C1_C3_C3_C2,AM,96.25051679,GE,16.3213663,DE,68.9424044,BE,84.1960553,UK,50.59509299,0.05316907
C4_C2_C1_C1_C1_C3_C3_C3,AM,68.76922065,GE,53.83686991,DE,86.6054946,BE,64.95697109,UK,81.45019372,0.949116207
C4_C2_C1_C1_C1_C3_C3_C4,AM,61.66432712,GE,65.03538109,DE,6.356717108,BE,42.98865794,UK,18.85149392,0.333640665
C4_C2_C1_C1_C1_C3_C4,AM,95.1686334,GE,70.96851819,DE,21.21393306,BE,4.312484201,UK,50.12233023,0.426968945
C4_C2_C1_C1_C1_C3_C4_C1,AM,43.78682666,GE,90.4073963,DE,98.90830238,BE,73.70680587,UK,66.67002257,0.778062458
C4_C2_C1_C1_C1_C3_C4_C2,AM,77.30377693,GE,89.04176712,DE,60.40419619,BE,27.97813706,UK,6.035667164,0.50740573
C4_C2_C1_C1_C1_C3_C4_C3,AM,57.30486267,GE,35.10355978,DE,66.77975746,BE,17.65939448,UK,31.03990406,0.816820869
C4_C2_C1_C1_C1_C3_C4_C4,AM,45.29127701,GE,59.41948108,DE,25.50933617,BE,97.68032194,UK,96.09455867,0.984174149
C4_C2_C1_C1_C1_C3_C4_C5,AM,19.34167311,GE,19.67663984,DE,58.08680645,BE,83.34384016,UK,29.11530872,0.678175332
C4_C2_C1_C1_C1_C3_C4_C6,AM,32.73888007,GE,87.58628023,DE,31.31962369,BE,71.70020726,UK,11.6633306,0.776576509
C4_C2_C1_C1_C1_C3_C4_C7,AM,11.32385037,GE,36.92200097,DE,33.48190701,BE,72.38203307,UK,43.91283587,0.915647629
C4_C2_C1_C1_C2,AM,16.63920302,GE,58.85702606,DE,66.37059164,BE,47.71234749,UK,72.2616027,0.765675876
C4_C2_C1_C1_C2_C1,AM,32.42044601,GE,62.48244036,DE,0.912726753,BE,38.30016277,UK,49.86861353,0.277526017
C4_C2_C1_C1_C2_C1_C1,AM,41.29764893,GE,8.278946005,DE,49.4429387,BE,16.06325734,UK,96.56167385,0.157110875
C4_C2_C1_C1_C2_C1_C1_C1,AM,48.60684244,GE,99.6716891,DE,7.29462539,BE,47.4674611,UK,81.25717601,0.046142207
C4_C2_C1_C1_C2_C1_C2,AM,6.008194458,GE,8.350883573,DE,44.20306452,BE,7.140692469,UK,87.7234733,0.070942365
C4_C2_C1_C1_C2_C1_C2_C1,AM,78.00385059,GE,8.746327401,DE,17.32255365,BE,99.3498279,UK,43.80797748,0.58907166
C4_C2_C1_C1_C2_C1_C3,AM,73.37622061,GE,61.76552158,DE,93.82908876,BE,49.53788796,UK,7.030916932,0.222104361
C4_C2_C1_C1_C2_C1_C3_C1,AM,22.6060818,GE,0.763078747,DE,55.26859773,BE,51.33413639,UK,42.97587771,0.713410605
C4_C2_C1_C1_C2_C1_C3_C2,AM,7.194433979,GE,95.58480229,DE,98.5531472,BE,45.11557341,UK,78.817766,0.642490077
C4_C2_C1_C1_C2_C1_C3_C3,AM,42.35897466,GE,35.18353513,DE,10.44321726,BE,65.32055404,UK,7.211594338,0.887311325
C4_C2_C1_C1_C2_C2,AM,29.54647064,GE,58.97050863,DE,53.40778282,BE,82.9062341,UK,82.84248928,0.532351497
C4_C2_C1_C1_C2_C2_C1,AM,8.946737085,GE,53.65176228,DE,47.13036,BE,6.120358356,UK,67.17664507,0.994819341
C4_C2_C1_C1_C2_C2_C1_C1,AM,56.48982575,GE,26.85473988,DE,71.17405078,BE,59.24809082,UK,92.12616944,0.704244339
C4_C2_C1_C1_C2_C2_C2,AM,34.37270864,GE,44.4194284,DE,56.59215426,BE,89.71038742,UK,66.22297919,0.350155331
C4_C2_C1_C1_C2_C2_C2_C1,AM,98.83415914,GE,23.1085629,DE,33.67143979,BE,70.09292329,UK,64.60649976,0.996462138
C4_C2_C1_C1_C2_C2_C2_C2,AM,46.70511974,GE,56.86711967,DE,16.32138309,BE,65.12820255,UK,42.19127318,0.503027006
C4_C2_C1_C1_C2_C2_C3,AM,63.01237259,GE,20.56604484,DE,70.64427018,BE,41.1293635,UK,84.73754435,0.250189284
C4_C2_C1_C1_C2_C2_C3_C1,AM,11.55718185,GE,58.17710136,DE,21.55434781,BE,15.43287788,UK,56.20930979,0.660483986
C4_C2_C1_C1_C2_C2_C3_C2,AM,99.68232243,GE,98.95396649,DE,85.45571608,BE,36.83980368,UK,28.35423487,0.208771487
C4_C2_C1_C1_C2_C2_C3_C3,AM,24.21539504,GE,5.147756146,DE,55.83193709,BE,74.24764858,UK,42.30738266,0.189223675
C4_C2_C1_C1_C2_C2_C3_C4,AM,61.79053686,GE,28.12669804,DE,3.51236687,BE,8.81783208,UK,88.91968561,0.813689571
C4_C2_C1_C1_C2_C2_C4,AM,15.00247482,GE,70.01380613,DE,38.1406053,BE,93.70294696,UK,12.34876688,0.613220204
C4_C2_C1_C1_C2_C2_C4_C1,AM,33.43629965,GE,50.52525015,DE,16.3895062,BE,70.51361814,UK,88.5750864,0.944508208
C4_C2_C1_C1_C2_C2_C4_C2,AM,30.97605124,GE,61.40114712,DE,15.53493516,BE,90.50195084,UK,90.69659652,0.371611538
C4_C2_C1_C1_C2_C2_C4_C3,AM,12.90402948,GE,45.33080377,DE,27.68558188,BE,18.84510737,UK,80.94548585,0.362069817
C4_C2_C1_C1_C2_C2_C4_C4,AM,77.1854966,GE,96.71221816,DE,60.3918031,BE,48.65669703,UK,59.98800491,0.500069351
C4_C2_C1_C1_C2_C2_C4_C5,AM,6.595838289,GE,22.4395977,DE,49.07748221,BE,11.89870184,UK,27.21866782,0.233510841
C4_C2_C1_C1_C2_C2_C4_C6,AM,61.93563805,GE,75.25098116,DE,44.53889422,BE,15.66961324,UK,99.76424309,0.517486857
C4_C2_C1_C1_C2_C2_C4_C7,AM,63.30319561,GE,48.94559472,DE,40.4972199,BE,19.59831546,UK,64.90677812,0.773373316
C4_C2_C1_C1_C2_C2_C4_C8,AM,10.55648529,GE,47.14534169,DE,63.83173766,BE,25.35574006,UK,6.288970814,0.925151106
C4_C2_C1_C1_C2_C2_C4_C9,AM,4.923217545,GE,7.184627639,DE,90.35911799,BE,50.82491251,UK,64.36900355,0.122077712
C4_C2_C1_C1_C2_C2_C4_C10,AM,69.13162686,GE,67.97620018,DE,55.67775634,BE,0.161665982,UK,10.75863,0.812684719
C4_C2_C1_C1_C2_C2_C4_C11,AM,1.852654156,GE,4.00400749,DE,47.62595808,BE,11.30597989,UK,20.24484241,0.592523254
C4_C2_C1_C1_C2_C2_C4_C12,AM,71.32796377,GE,79.19391243,DE,72.36343403,BE,78.54077128,UK,68.23932271,0.970658654
C4_C2_C1_C1_C2_C3,AM,52.67439017,GE,24.52839417,DE,14.30990105,BE,42.31788787,UK,27.15008946,0.532482526
C4_C2_C1_C1_C2_C3_C1,AM,22.93362957,GE,68.78292759,DE,20.5380114,BE,27.64707015,UK,88.61769881,0.172984695
C4_C2_C1_C1_C2_C3_C1_C1,AM,68.99947409,GE,17.06332345,DE,79.62070742,BE,18.87646211,UK,38.33765417,0.170500015
C4_C2_C1_C1_C2_C3_C2,AM,61.45447219,GE,64.08873183,DE,78.03116977,BE,71.87173643,UK,1.434571674,0.628905878
C4_C2_C1_C1_C2_C3_C2_C1,AM,78.34608612,GE,83.89076729,DE,36.2428303,BE,52.59906584,UK,93.67843585,0.783975687
C4_C2_C1_C1_C2_C3_C2_C2,AM,11.20757699,GE,49.70757061,DE,49.76155915,BE,4.552132641,UK,36.4095158,0.665541538
C4_C2_C1_C1_C2_C3_C2_C3,AM,63.41626147,GE,82.15392663,DE,74.79920889,BE,82.09239909,UK,96.07057638,0.940157098
C4_C2_C1_C1_C2_C3_C3,AM,4.390389594,GE,55.78485739,DE,33.16921909,BE,15.72462228,UK,45.81465242,0.795597706
C4_C2_C1_C1_C2_C3_C3_C1,AM,28.34839929,GE,91.52113262,DE,39.80238533,BE,23.28481154,UK,8.313391187,0.592488253
C4_C2_C1_C1_C2_C3_C3_C2,AM,6.806149392,GE,7.812537017,DE,86.22267484,BE,91.49793157,UK,48.27189192,0.541545221
C4_C2_C1_C1_C2_C3_C3_C3,AM,25.7703155,GE,38.61049467,DE,76.99960195,BE,97.43972704,UK,46.82216073,0.23954854
C4_C2_C1_C1_C2_C3_C3_C4,AM,46.96384233,GE,83.38980567,DE,2.307923129,BE,63.7250838,UK,11.41548006,0.558051699
C4_C2_C1_C1_C2_C3_C3_C5,AM,57.68328994,GE,84.37559006,DE,96.93749049,BE,37.298271,UK,81.23883888,0.674095404
C4_C2_C1_C1_C2_C3_C3_C6,AM,41.01369644,GE,80.88600319,DE,51.90033127,BE,62.89783632,UK,70.97045984,0.759175071
C4_C2_C1_C1_C2_C3_C4,AM,15.64645138,GE,51.31716763,DE,98.88898523,BE,86.58497347,UK,96.74044015,0.0764742
C4_C2_C1_C1_C2_C3_C4_C1,AM,89.62318806,GE,66.10934912,DE,2.560075551,BE,56.45068444,UK,97.32574853,0.181065292
C4_C2_C1_C1_C2_C3_C4_C2,AM,5.319977321,GE,53.1893499,DE,35.54495551,BE,38.87783638,UK,67.22589617,0.761388825
C4_C2_C1_C1_C2_C3_C4_C3,AM,71.55836236,GE,3.528002078,DE,74.1575771,BE,55.96721909,UK,69.63173686,0.878419168
C4_C2_C1_C1_C2_C3_C4_C4,AM,32.74211801,GE,87.700067,DE,47.09736387,BE,6.91404745,UK,35.09410879,0.960810572
C4_C2_C1_C1_C2_C3_C4_C5,AM,82.54929298,GE,10.47344215,DE,93.65763841,BE,92.89171495,UK,43.1337701,0.661592757
C4_C2_C1_C1_C2_C3_C4_C6,AM,15.40812652,GE,46.7418402,DE,1.506125579,BE,16.53924379,UK,37.36149317,0.696002591
C4_C2_C1_C1_C2_C3_C4_C7,AM,89.25822658,GE,29.56369761,DE,30.78368081,BE,64.98126619,UK,22.06553554,0.251974393
C4_C2_C1_C1_C2_C3_C4_C8,AM,8.24294804,GE,68.54936717,DE,22.25597597,BE,35.13188467,UK,44.43681742,0.856078245
C4_C2_C1_C1_C2_C3_C4_C9,AM,83.0986038,GE,33.47052807,DE,36.05215933,BE,85.33359722,UK,12.40067873,0.440138196
C4_C2_C1_C1_C2_C3_C4_C10,AM,57.0736957,GE,93.10898102,DE,33.58123783,BE,56.78992697,UK,42.09962909,0.70490787
C4_C2_C1_C1_C2_C3_C4_C11,AM,40.88278334,GE,26.82889875,DE,42.51557681,BE,41.66935506,UK,94.18387638,0.941787998
C4_C2_C1_C2,AM,13.34948167,GE,54.21654154,DE,69.85800053,BE,98.24808652,UK,87.74238207,0.62235011
C4_C2_C1_C2_C1,AM,57.16020186,GE,10.47612099,DE,19.82252517,BE,64.52784266,UK,11.05673844,0.95079951
C4_C2_C1_C2_C1_C1,AM,42.05252046,GE,90.15597946,DE,49.23479524,BE,48.78865405,UK,49.4875188,0.028500742
C4_C2_C1_C2_C2,AM,73.43965791,GE,35.34226559,DE,21.6835233,BE,85.31241118,UK,28.36334669,0.450477336
C4_C2_C1_C2_C2_C1,AM,74.60178665,GE,21.77969062,DE,7.069676865,BE,79.97727756,UK,1.582471471,0.850132899
C4_C2_C1_C2_C2_C2,AM,62.6634907,GE,78.9016881,DE,32.06369016,BE,72.66499795,UK,5.224489707,0.115114596
C4_C2_C1_C2_C3,AM,52.84967922,GE,36.97847388,DE,25.74038058,BE,27.25330231,UK,4.866582695,0.437699749
C4_C2_C1_C2_C3_C1,AM,41.21867332,GE,11.27837537,DE,5.137745083,BE,35.66687973,UK,7.817139911,0.388699933
C4_C2_C1_C2_C3_C2,AM,94.74434214,GE,54.42729038,DE,48.71545889,BE,22.06240581,UK,37.79568569,0.047820004
C4_C2_C1_C2_C3_C3,AM,53.20183398,GE,24.26759324,DE,79.11330805,BE,36.68854604,UK,87.61252052,0.327423975
C4_C2_C1_C2_C4,AM,1.811446584,GE,27.77727448,DE,80.16425465,BE,15.36947191,UK,10.65916961,0.69886721
C4_C2_C1_C2_C4_C1,AM,57.19407644,GE,49.85832346,DE,50.80217401,BE,60.55503957,UK,62.52770726,0.161924885
C4_C2_C1_C2_C4_C2,AM,88.88103243,GE,55.75295291,DE,91.71933174,BE,59.32213871,UK,1.372781485,0.03534024
C4_C2_C1_C2_C4_C3,AM,91.09449572,GE,68.04277481,DE,80.08738888,BE,27.51760361,UK,20.73237268,0.858033383
C4_C2_C1_C2_C4_C4,AM,24.07553763,GE,8.020578549,DE,2.154770762,BE,61.00226956,UK,15.38625018,0.391918951
C4_C2_C1_C2_C4_C5,AM,46.08518834,GE,63.48716473,DE,39.95207002,BE,5.870242647,UK,50.63449834,0.466064245
C4_C2_C1_C3,AM,54.54028607,GE,6.993009095,DE,3.995170083,BE,8.364294741,UK,44.30754237,0.583009956
C4_C2_C1_C3_C1,AM,78.99519981,GE,4.510969625,DE,13.56429488,BE,79.22730579,UK,99.33805911,0.719349769
C4_C2_C1_C3_C1_C1,AM,19.16996648,GE,7.096732391,DE,47.6621417,BE,46.53895128,UK,89.52416863,0.689345026
C4_C2_C1_C3_C2,AM,29.49428807,GE,25.06279583,DE,38.13669473,BE,9.967469605,UK,68.22488417,0.183635016
C4_C2_C1_C3_C2_C1,AM,90.18784583,GE,27.02758149,DE,31.13848981,BE,87.88248194,UK,20.77981023,0.967131082
C4_C2_C1_C3_C3,AM,12.39478387,GE,13.29099132,DE,77.34279836,BE,15.79265475,UK,21.04092236,0.20097838
C4_C2_C1_C3_C3_C1,AM,74.08390145,GE,73.60535869,DE,58.69616699,BE,26.57616142,UK,96.69567866,0.152193577
C4_C2_C1_C3_C3_C1_C1,AM,32.81467008,GE,8.062562321,DE,87.32068204,BE,55.1435772,UK,35.65880053,0.502499268
C4_C2_C1_C3_C3_C1_C2,AM,59.53369157,GE,13.76922481,DE,28.74824265,BE,39.40435636,UK,88.59457405,0.761097994
C4_C2_C1_C3_C3_C2,AM,17.37684565,GE,21.77735034,DE,73.17038332,BE,60.05714312,UK,82.94709118,0.562556441
C4_C2_C1_C3_C3_C2_C1,AM,91.90493174,GE,11.69999435,DE,0.089752951,BE,66.16527658,UK,18.89472982,0.188688266
C4_C2_C1_C3_C3_C2_C2,AM,16.53884493,GE,49.69403678,DE,90.38845197,BE,81.74369656,UK,2.350352315,0.81815199
C4_C2_C2,AM,29.69963237,GE,45.01539903,DE,52.7745473,BE,67.55102951,UK,5.819691553,0.300885599
C4_C2_C2_C1,AM,60.10918492,GE,97.58466022,DE,50.37340404,BE,95.54162491,UK,23.13115303,0.183403271
C4_C2_C2_C1_C1,AM,35.87402799,GE,97.67445803,DE,76.54401951,BE,26.75269595,UK,38.1015359,0.37819216
C4_C2_C2_C1_C1_C1,AM,25.72143759,GE,87.57422422,DE,76.31090757,BE,54.78760959,UK,68.65618362,0.926548613
C4_C2_C2_C1_C1_C2,AM,69.09454115,GE,55.73153025,DE,50.3847686,BE,17.97024673,UK,95.94828895,0.799394236
C4_C2_C2_C1_C1_C3,AM,62.79405869,GE,71.93079422,DE,5.485595418,BE,94.21022478,UK,16.03043366,0.654675575
C4_C2_C2_C1_C1_C4,AM,26.0929785,GE,34.22093925,DE,10.77662558,BE,55.28415038,UK,30.07391183,0.370261074
C4_C2_C2_C1_C1_C5,AM,29.89085171,GE,71.61579005,DE,32.55648765,BE,59.3997821,UK,60.92739476,0.69273254
C4_C2_C2_C1_C1_C6,AM,49.23650079,GE,97.22138193,DE,64.6282809,BE,52.37568539,UK,23.75167661,0.138857982
C4_C2_C2_C1_C1_C7,AM,37.3087672,GE,27.31682126,DE,70.2560146,BE,61.88277301,UK,71.07718134,0.984865547
C4_C2_C2_C1_C2,AM,40.1985792,GE,51.10806331,DE,86.66405665,BE,17.92839479,UK,31.60761454,0.790560389
C4_C2_C2_C1_C2_C1,AM,70.74690692,GE,2.555668499,DE,16.76523542,BE,21.24806986,UK,73.85878141,0.278459466
C4_C2_C2_C1_C2_C2,AM,61.8838898,GE,84.0399634,DE,48.48483055,BE,11.76305155,UK,19.12678535,0.386224242
C4_C2_C2_C1_C2_C3,AM,35.94913027,GE,97.23297934,DE,78.56484111,BE,56.94159022,UK,36.40720993,0.693770532
C4_C2_C2_C1_C2_C4,AM,52.76056392,GE,4.040150562,DE,17.112956,BE,48.23418604,UK,47.66273976,0.717186425
C4_C2_C2_C1_C2_C5,AM,38.55680533,GE,15.71603098,DE,43.75933671,BE,68.19616805,UK,47.2286666,0.325879405
C4_C2_C2_C2,AM,29.64648503,GE,70.05688446,DE,30.79283468,BE,63.60340868,UK,37.11781047,0.647103855
C4_C2_C2_C2_C1,AM,53.12306728,GE,63.52571305,DE,76.71364392,BE,44.65052686,UK,64.74982743,0.593402882
C4_C2_C2_C2_C1_C1,AM,93.24167563,GE,43.61767725,DE,89.19633718,BE,97.55220532,UK,48.1651249,0.116238286
C4_C2_C2_C2_C1_C1_C1,AM,80.88649529,GE,99.77557071,DE,80.90523396,BE,27.26504457,UK,44.08421922,0.744043677
C4_C2_C2_C2_C1_C2,AM,79.68417176,GE,55.16100645,DE,86.16784321,BE,45.52333305,UK,58.46314006,0.399104171
C4_C2_C2_C2_C1_C2_C1,AM,52.35939981,GE,93.28741757,DE,31.79548084,BE,28.56529918,UK,47.76395903,0.039692731
C4_C2_C2_C2_C1_C2_C2,AM,74.91802169,GE,96.35452582,DE,63.96762981,BE,0.032236296,UK,96.77225673,0.633430369
C4_C2_C2_C2_C1_C2_C3,AM,59.50348558,GE,56.57366672,DE,40.04142187,BE,50.38745137,UK,56.46962235,0.929910307
C4_C2_C2_C2_C1_C2_C4,AM,59.48219709,GE,6.901144498,DE,63.58271248,BE,77.58134259,UK,7.4422974,0.032731407
C4_C2_C2_C2_C1_C2_C5,AM,86.12156677,GE,52.52372105,DE,53.0816633,BE,48.97407084,UK,72.93629224,0.806350926
C4_C2_C2_C2_C2,AM,62.95954395,GE,14.04306999,DE,52.06768041,BE,10.38025695,UK,9.185339109,0.714357327
C4_C2_C2_C2_C2_C1,AM,79.3838117,GE,7.448328885,DE,18.4973444,BE,1.255252037,UK,20.65680942,0.030672498
C4_C2_C2_C2_C2_C1_C1,AM,78.35248875,GE,47.89044758,DE,24.415348,BE,44.56069991,UK,70.4562985,0.695404574
C4_C2_C2_C2_C2_C1_C2,AM,7.883299119,GE,66.33683314,DE,73.49545166,BE,8.874111354,UK,51.15329275,0.327765501
C4_C2_C2_C2_C2_C2,AM,69.13341059,GE,75.46137498,DE,33.61864093,BE,86.55698024,UK,82.64268849,0.222337724
C4_C2_C2_C2_C2_C2_C1,AM,15.65789543,GE,74.08305629,DE,24.25972889,BE,75.77061483,UK,74.86015719,0.301977185
C4_C2_C2_C2_C2_C2_C2,AM,21.38857058,GE,80.58204024,DE,3.117646909,BE,32.4865053,UK,30.51059283,0.313973682
C4_C2_C2_C2_C2_C2_C3,AM,38.91794842,GE,44.85905357,DE,20.03655156,BE,12.62806122,UK,5.654086882,0.247623497
C4_C2_C2_C2_C2_C2_C4,AM,8.219425516,GE,42.70792572,DE,42.03063701,BE,89.72541671,UK,22.21803315,0.917041438
C4_C2_C2_C2_C2_C2_C5,AM,3.699582263,GE,47.79670539,DE,40.26300279,BE,87.77038002,UK,37.22902154,0.910734054
C4_C2_C2_C2_C2_C2_C6,AM,91.18600568,GE,4.338631974,DE,51.03955662,BE,33.47425634,UK,18.67112856,0.737524847
C4_C2_C2_C2_C2_C2_C7,AM,71.59825204,GE,57.18677642,DE,32.55448965,BE,66.21070177,UK,67.71075358,0.026264884
C4_C2_C2_C2_C3,AM,97.33101089,GE,61.09884623,DE,80.8585287,BE,34.93235879,UK,77.68347778,0.074067273
C4_C2_C2_C2_C3_C1,AM,1.871788281,GE,21.70552302,DE,43.64108503,BE,56.68034874,UK,90.04074615,0.790769813
C4_C2_C2_C2_C3_C1_C1,AM,90.38157115,GE,0.310185368,DE,47.71892687,BE,87.78645506,UK,27.42786339,0.467352262
C4_C2_C2_C2_C3_C1_C2,AM,24.65112917,GE,84.55228157,DE,12.74341033,BE,66.59631446,UK,11.41486253,0.544098487
C4_C2_C2_C2_C3_C1_C3,AM,14.85511253,GE,7.886278314,DE,84.33456437,BE,73.6050941,UK,0.609155564,0.525547728
C4_C2_C2_C2_C3_C1_C4,AM,23.95107068,GE,5.721953434,DE,31.6962048,BE,50.22126974,UK,49.91221519,0.016686937
C4_C2_C2_C2_C3_C1_C5,AM,90.36965053,GE,56.9152581,DE,90.5993875,BE,11.71273565,UK,20.95390763,0.788615883
C4_C2_C2_C2_C3_C1_C6,AM,77.33866706,GE,92.52481485,DE,50.26575294,BE,38.76278917,UK,51.23731309,0.71533071
C4_C2_C2_C2_C3_C2,AM,10.7136848,GE,18.80662968,DE,10.78049363,BE,84.42847262,UK,89.15514641,0.668736226
C4_C2_C2_C2_C3_C2_C1,AM,81.39980377,GE,6.018491988,DE,9.280874095,BE,98.41085909,UK,30.59747477,0.244453781
C4_C2_C2_C2_C3_C2_C2,AM,15.67556547,GE,73.66870846,DE,70.82574898,BE,90.74969393,UK,63.2810588,0.589484502
C4_C2_C2_C3,AM,72.75766993,GE,73.41778814,DE,43.51275321,BE,88.15019347,UK,41.98548879,0.468634078
C4_C2_C2_C3_C1,AM,70.47814918,GE,85.53275253,DE,43.78629241,BE,81.37927075,UK,10.44603158,0.31373866
C4_C2_C2_C3_C1_C1,AM,3.920397604,GE,10.94995335,DE,47.41965671,BE,61.02068581,UK,42.50384706,0.668424162
C4_C2_C2_C3_C1_C2,AM,48.10622691,GE,44.29455841,DE,67.66574627,BE,51.53750977,UK,57.91908394,0.286095976
C4_C2_C2_C3_C2,AM,93.9178845,GE,51.65778974,DE,4.174838085,BE,1.652476599,UK,30.74212568,0.610883792
C4_C2_C2_C3_C2_C1,AM,37.30299482,GE,20.09272874,DE,14.17205156,BE,63.66781316,UK,82.25318043,0.268749874
C4_C2_C2_C3_C3,AM,95.89138923,GE,31.75867327,DE,62.69361379,BE,11.41314129,UK,32.6226169,0.311312698
C4_C2_C2_C3_C3_C1,AM,32.56823298,GE,13.22946781,DE,80.06625962,BE,64.81377019,UK,94.2992273,0.012928368
C4_C2_C2_C3_C3_C1_C1,AM,27.64234461,GE,73.9213481,DE,51.72828386,BE,82.60621625,UK,76.30699267,0.909267341
C4_C2_C2_C3_C3_C2,AM,72.94847132,GE,33.57514224,DE,97.9591859,BE,98.03817335,UK,82.44096555,0.837473276
C4_C2_C2_C3_C3_C2_C1,AM,4.255592545,GE,90.2729734,DE,29.14321323,BE,95.23418156,UK,81.25309254,0.984840965
C4_C2_C2_C3_C3_C2_C2,AM,4.994271809,GE,19.8968051,DE,35.28669363,BE,57.13241527,UK,32.60889831,0.554774834
C4_C2_C2_C3_C3_C3,AM,61.0029486,GE,30.16435023,DE,54.59735914,BE,91.27788253,UK,41.16237395,0.344700094
C4_C2_C2_C3_C3_C3_C1,AM,84.11261282,GE,56.91749709,DE,50.47343731,BE,92.95420298,UK,70.22003097,0.131380467
C4_C2_C2_C3_C3_C4,AM,92.07751857,GE,52.71106489,DE,74.86357847,BE,84.82127779,UK,28.3338395,0.814488044
C4_C2_C2_C3_C3_C4_C1,AM,45.37470793,GE,32.76119384,DE,65.16504703,BE,21.27620502,UK,24.13521209,0.56190004
C4_C2_C2_C3_C3_C4_C2,AM,11.55167531,GE,26.22548973,DE,21.08915316,BE,77.67849974,UK,16.10801314,0.918023903
C4_C2_C2_C3_C3_C4_C3,AM,66.54907994,GE,67.38356818,DE,38.7668716,BE,60.56224295,UK,77.12454546,0.576627548
C4_C2_C2_C3_C3_C4_C4,AM,47.86268271,GE,33.78179332,DE,63.32219801,BE,7.93640391,UK,46.10036261,0.865300112
C4_C2_C2_C3_C3_C4_C5,AM,36.09645765,GE,46.99947659,DE,25.74492023,BE,17.52831959,UK,20.69289033,0.607455152
C4_C2_C2_C3_C3_C4_C6,AM,53.92205369,GE,14.78908264,DE,92.5676904,BE,77.19013637,UK,97.63372211,0.785406624
C4_C2_C2_C3_C3_C4_C7,AM,71.44928799,GE,38.39687171,DE,19.71828223,BE,15.19174327,UK,67.12227552,0.612834759
C4_C2_C2_C3_C3_C4_C8,AM,16.14509518,GE,8.595651929,DE,26.21205465,BE,73.55326565,UK,35.73684446,0.241973292
C4_C2_C2_C3_C3_C4_C9,AM,39.28833109,GE,11.43951511,DE,22.46559384,BE,38.75041048,UK,23.83220924,0.157015813
C4_C2_C2_C3_C3_C4_C10,AM,32.1862639,GE,99.54178592,DE,15.00690035,BE,49.5773483,UK,17.20877668,0.680733654
C4_C2_C2_C3_C3_C4_C11,AM,18.68073316,GE,7.318463568,DE,91.08157,BE,64.32118487,UK,65.71905942,0.039287984
C4_C2_C2_C3_C3_C4_C12,AM,83.15882349,GE,77.5343591,DE,18.13928386,BE,81.26985074,UK,78.7562383,0.532114436
C4_C2_C2_C3_C3_C4_C13,AM,50.88527735,GE,68.67088256,DE,76.11684224,BE,58.41405506,UK,40.10737718,0.405770152
C4_C2_C2_C3_C3_C4_C14,AM,92.70719084,GE,43.90139117,DE,57.875102,BE,8.123705657,UK,17.93008723,0.464728374
C4_C2_C2_C3_C3_C4_C15,AM,23.30103765,GE,24.16562931,DE,27.62746139,BE,29.87924876,UK,0.245028217,0.783626695
C4_C2_C2_C3_C3_C4_C16,AM,40.77109351,GE,64.84367158,DE,43.28911418,BE,7.498482285,UK,37.38239417,0.809519678
C4_C2_C2_C3_C3_C4_C17,AM,27.58015003,GE,12.62591432,DE,23.63389179,BE,75.16851666,UK,44.06555508,0.56506534
C4_C2_C2_C3_C3_C4_C18,AM,51.67721014,GE,90.54947192,DE,13.38616792,BE,24.52059124,UK,51.54876281,0.71945265
C4_C2_C2_C3_C3_C4_C19,AM,85.54439835,GE,50.42478651,DE,35.44351199,BE,23.99628756,UK,62.43940197,0.452251576
C4_C2_C2_C3_C3_C4_C20,AM,65.30190375,GE,14.4376594,DE,36.6149419,BE,41.52705954,UK,97.07698019,0.168844599
C4_C2_C2_C3_C4,AM,82.05550789,GE,31.90159836,DE,20.46227829,BE,62.77866493,UK,51.9513947,0.855166234
C4_C2_C2_C3_C4_C1,AM,33.31996834,GE,41.10168605,DE,49.37583521,BE,3.619564403,UK,92.3985893,0.971035208
C4_C2_C2_C3_C4_C1_C1,AM,76.80384654,GE,66.76218301,DE,23.95098537,BE,14.74885768,UK,81.73146525,0.776219511
C4_C2_C2_C3_C4_C1_C2,AM,64.27433952,GE,47.05848031,DE,2.347523625,BE,19.13657376,UK,99.02190738,0.580836431
C4_C2_C2_C3_C4_C1_C3,AM,69.69634733,GE,21.61949996,DE,97.15788537,BE,50.8367237,UK,68.59997781,0.770921077
C4_C2_C2_C3_C4_C1_C4,AM,86.93347615,GE,73.86017235,DE,84.33105052,BE,16.21254642,UK,45.04676231,0.302741248
C4_C2_C2_C3_C4_C1_C5,AM,25.97219228,GE,74.53089699,DE,15.14256702,BE,61.17254899,UK,77.62760942,0.616293353
C4_C2_C2_C3_C4_C1_C6,AM,65.64263751,GE,5.622441854,DE,52.97903631,BE,80.66683395,UK,32.76297571,0.030389331
C4_C2_C2_C3_C4_C1_C7,AM,79.22712213,GE,19.27830999,DE,98.75582326,BE,89.42972002,UK,15.44281628,0.719856239
C4_C2_C2_C3_C4_C1_C8,AM,23.36645971,GE,31.2970214,DE,87.67475415,BE,80.17698203,UK,40.954732,0.391195766
C4_C2_C2_C3_C4_C2,AM,36.35132448,GE,55.41953323,DE,96.56475077,BE,38.97146587,UK,66.58469581,0.528018476
C4_C2_C2_C3_C4_C2_C1,AM,75.98683871,GE,22.19295031,DE,32.74197523,BE,48.59873194,UK,48.12300203,0.648796154
C4_C2_C2_C3_C4_C2_C2,AM,79.31523383,GE,94.99578344,DE,51.96782164,BE,93.63344566,UK,24.47288238,0.94741505
C4_C2_C2_C3_C4_C2_C3,AM,72.71365404,GE,39.22831399,DE,83.01609531,BE,44.28677071,UK,86.4179412,0.859856628
C4_C2_C2_C3_C4_C3,AM,39.51306888,GE,73.08024567,DE,29.533146,BE,91.21780673,UK,62.32451509,0.783652641
C4_C2_C2_C3_C4_C3_C1,AM,64.20712353,GE,56.42302204,DE,27.46890142,BE,14.5730666,UK,65.78870628,0.459604912
C4_C2_C2_C3_C4_C3_C2,AM,74.0700167,GE,49.2835522,DE,7.104235073,BE,95.10036921,UK,86.62047259,0.071347503
C4_C2_C2_C3_C4_C3_C3,AM,99.03879652,GE,68.9662251,DE,30.51123305,BE,86.22184074,UK,16.12687884,0.723848058
C4_C2_C2_C3_C4_C3_C4,AM,78.31214713,GE,68.49914328,DE,73.18937847,BE,78.26510355,UK,17.67538513,0.846462972
C4_C2_C2_C3_C4_C3_C5,AM,77.02963608,GE,61.60391105,DE,18.08187157,BE,38.42351002,UK,18.6032964,0.85226664
C4_C2_C2_C3_C4_C3_C6,AM,93.71504197,GE,41.22356952,DE,0.633006674,BE,49.10984626,UK,56.64162931,0.08606574
C4_C2_C2_C3_C4_C3_C7,AM,10.05123378,GE,96.19209535,DE,8.370770232,BE,3.37299029,UK,94.14210858,0.588722665
C4_C2_C2_C3_C4_C3_C8,AM,85.51174284,GE,56.26358315,DE,81.3648143,BE,64.50837429,UK,91.60808052,0.683810163
C4_C2_C2_C3_C4_C3_C9,AM,62.60357405,GE,0.134399269,DE,90.85159702,BE,28.09437498,UK,97.27651121,0.123713205
C4_C2_C2_C3_C4_C3_C10,AM,32.9063885,GE,92.08483658,DE,0.511986143,BE,87.84152236,UK,41.28478191,0.613384447
C4_C2_C2_C3_C4_C3_C11,AM,73.00854299,GE,82.44087102,DE,91.618459,BE,34.26624809,UK,3.325820424,0.492928741
C4_C2_C2_C3_C5,AM,43.0059807,GE,67.12622591,DE,58.62153699,BE,88.90274923,UK,16.74894327,0.581619465
C4_C2_C2_C3_C5_C1,AM,63.00419464,GE,67.05123157,DE,65.47798654,BE,26.02377679,UK,92.3234539,0.983599644
C4_C2_C2_C3_C5_C1_C1,AM,22.43939608,GE,54.21260459,DE,26.86493404,BE,99.03124985,UK,44.82255349,0.179183406
C4_C2_C2_C3_C5_C1_C2,AM,92.35014056,GE,77.75876154,DE,74.59897376,BE,76.06643404,UK,64.61013517,0.28212329
C4_C2_C2_C3_C5_C2,AM,82.76577032,GE,39.9417805,DE,7.480853184,BE,79.4328564,UK,28.75106939,0.668660733
C4_C2_C2_C3_C5_C2_C1,AM,64.51842366,GE,62.69735538,DE,54.05762399,BE,88.42158872,UK,53.04947083,0.564806124
C4_C2_C2_C3_C5_C3,AM,21.12571866,GE,4.316602476,DE,55.04260167,BE,63.68380406,UK,45.68254588,0.73653985
C4_C2_C2_C3_C5_C3_C1,AM,33.96440838,GE,82.97444016,DE,52.48149736,BE,32.70153349,UK,12.66669816,0.53790425
C4_C2_C2_C3_C5_C3_C2,AM,76.92634769,GE,62.69416707,DE,8.456253849,BE,3.266727859,UK,16.27510722,0.880464595
C4_C2_C2_C3_C5_C3_C3,AM,36.23596555,GE,14.23625149,DE,92.8223144,BE,86.49045927,UK,76.04152645,0.156682932
C4_C2_C2_C3_C5_C3_C4,AM,88.85242447,GE,10.92740442,DE,12.38811628,BE,29.02887298,UK,46.53763188,0.012283933
C4_C2_C2_C3_C5_C3_C5,AM,0.827392445,GE,28.32262341,DE,70.76676429,BE,38.93740574,UK,30.76625561,0.641944564
C4_C2_C2_C3_C5_C3_C6,AM,89.10702879,GE,30.79634995,DE,78.13475975,BE,36.18570474,UK,44.42117645,0.388986904
C4_C2_C2_C3_C5_C3_C7,AM,29.40167991,GE,43.57278056,DE,19.9493784,BE,11.37675357,UK,51.33100176,0.133719453
C5,AM,61.97974785,GE,35.37337495,DE,35.2816146,BE,98.83301167,UK,80.90816617,0.875312507
C5_C1,AM,17.22407569,GE,91.39878007,DE,50.15696677,BE,64.40988161,UK,20.26658075,0.268483889
C5_C1_C1,AM,27.95205757,GE,36.89264507,DE,43.42271573,BE,63.92713444,UK,4.178352235,0.257526161
C5_C1_C2,AM,94.97122023,GE,37.57726389,DE,90.33248022,BE,94.80647392,UK,50.52472655,0.16297458
C5_C1_C3,AM,30.69751857,GE,88.45016022,DE,12.50135596,BE,86.22932265,UK,28.02999027,0.021301589
C5_C1_C4,AM,96.36366122,GE,21.69328043,DE,96.95940901,BE,40.33301942,UK,75.12075202,0.737805175
C5_C1_C5,AM,46.83875372,GE,73.39185133,DE,72.01974878,BE,0.794425935,UK,78.48951443,0.082875241
C5_C1_C6,AM,23.04677143,GE,97.65557325,DE,39.93279665,BE,35.71076053,UK,86.51181521,0.514397976
C5_C1_C7,AM,47.15004069,GE,20.47386122,DE,20.14009948,BE,27.92767965,UK,57.41039389,0.065643045
C5_C1_C8,AM,16.26056275,GE,86.90035042,DE,21.46843203,BE,33.22582212,UK,76.23683687,0.491445944
C5_C1_C9,AM,40.56227977,GE,45.68045154,DE,30.96312517,BE,86.42155729,UK,61.29562698,0.618794984
C5_C1_C10,AM,62.07199886,GE,49.87120659,DE,6.319237199,BE,14.35845216,UK,22.61445563,0.886240379
C5_C2,AM,48.224893,GE,79.13893583,DE,69.80816809,BE,16.62481605,UK,41.95289496,0.798082098
C5_C2_C1,AM,50.72029487,GE,65.69569404,DE,12.33116704,BE,11.66705284,UK,47.34856214,0.514959442
C5_C2_C1_C1,AM,74.28140328,GE,98.59211081,DE,46.18682991,BE,15.15535739,UK,61.97358175,0.165442005
C5_C2_C2,AM,77.16733616,GE,10.38508016,DE,3.011590956,BE,69.05782237,UK,32.95871506,0.148694298
C5_C2_C2_C1,AM,42.91990141,GE,4.277334765,DE,86.0754235,BE,80.22834176,UK,79.73961206,0.517029867
C5_C2_C2_C2,AM,63.14691964,GE,88.74378387,DE,27.34069042,BE,35.77801167,UK,77.89404783,0.015780817
C5_C2_C3,AM,76.64596169,GE,2.161834673,DE,97.97140721,BE,26.2634796,UK,62.99142616,0.087482412
C5_C2_C3_C1,AM,6.205603928,GE,70.34085277,DE,13.12955867,BE,17.4244945,UK,82.09663366,0.426175992
C5_C2_C3_C2,AM,38.83538797,GE,59.5020225,DE,13.75805545,BE,52.29666037,UK,5.69035214,0.139171275
C5_C2_C3_C3,AM,28.27683379,GE,25.393574,DE,33.65903978,BE,24.7314156,UK,45.17139887,0.218816657